{
  "environments": [
    {
      "name": "NSX-T UK",
      "ip": "10.190.200.3",
      "environment": "UK",
      "status": "configured"
    },
    {
      "name": "NSX-T US",
      "ip": "10.148.0.3",
      "environment": "US",
      "status": "configured"
    },
    {
      "name": "NSX-T EU",
      "ip": "10.55.0.3",
      "environment": "EU",
      "status": "configured"
    },
    {
      "name": "NSX-T IN",
      "ip": "10.23.0.3",
      "environment": "IN",
      "status": "configured"
    }
  ]
}